recommendation,feature_index,variable,label,source,clinical_category,summary_mode,valid_fraction,hourly_coverage,point_biserial_corr,auroc,auprc,ap_lift_over_prevalence,mutual_information,univariate_relevance_score,correlation_cluster_id,correlation_cluster_size,mrmr_rank,mrmr_score,elasticnet_selection_probability,elasticnet_mean_abs_coefficient,rfecv_selected,consensus_score,physiology_direction_hint
core,0,chartevents::220045::Heart Rate::valuenum,Heart Rate,chartevents,vital_heart_rate,observed_fraction,1.0,0.6215710639953613,-0.15652616637959632,0.3798603563305182,0.11614675420228315,0.8302112020519705,0.023388759126659275,0.581119967127723,1,5,17.0,0.5371235542747871,1.0,0.5954929394647479,False,0.7571316890630481,higher_may_indicate_physiologic_stress
core,230,chartevents::225638::Differential-Bands::valuenum,Differential-Bands,chartevents,chart_other,min,0.06022443890274314,0.0028158770874142647,0.22174484373275957,0.6534622326751627,0.33027670233617284,2.3608013839002733,0.05925996215560092,0.7283415557761748,150,1,1.0,0.7283415557761748,1.0,0.10582668683491647,False,0.7245249106231266,
core,11,chartevents::220179::Non Invasive Blood Pressure systolic::valuenum,Non Invasive Blood Pressure systolic,chartevents,vital_blood_pressure,observed_fraction,1.0,0.5168640613555908,-0.14869796238156122,0.3744440249544031,0.11389636552836883,0.8141255361296953,0.016434657257576868,0.5534649994636343,6,3,26.0,0.4753738552624698,0.925,0.052993824626901186,False,0.7166577794089828,low_or_high_may_indicate_instability
core,282,labevents::50816::Oxygen::valuenum,Oxygen,labevents,lab_blood_gas_respiration,last,0.03628428927680798,0.0018131753895431757,0.2062220751409148,0.6311142128899139,0.3329947907131266,2.3802301439565734,0.07292647814972253,0.7086854866255362,193,1,3.0,0.6940013534347884,1.0,0.06605040668509901,False,0.7140835372809331,
core,165,labevents::50817::Oxygen Saturation::valuenum,Oxygen Saturation,labevents,lab_blood_gas_respiration,min,0.14738154613466334,0.013424771837890148,0.19301197356672448,0.6476015233637186,0.2399911111922957,1.7154444846365522,0.03348908905188619,0.6309300863094415,91,1,7.0,0.6207682111513342,1.0,0.12168125919997692,False,0.697565567603073,lower_may_indicate_worse_oxygenation
core,12,chartevents::220180::Non Invasive Blood Pressure diastolic::valuenum,Non Invasive Blood Pressure diastolic,chartevents,vital_blood_pressure,observed_fraction,1.0,0.5167913436889648,-0.14864499520779037,0.3744515835275305,0.11388260438308552,0.814027172150041,0.0161431571166768,0.552510046216914,6,3,29.0,0.46295440535361054,0.85,0.03746912649546295,False,0.6906454869833538,low_or_high_may_indicate_instability
core,69,chartevents::223834::O2 Flow::valuenum,O2 Flow,chartevents,chart_other,last,0.6917705735660847,0.11723295599222183,0.09962047500139144,0.6319408915014918,0.1824724704936082,1.3043041117279304,0.00702148575525241,0.4790118308859593,27,1,28.0,0.4617879876971957,1.0,0.27135186046361925,False,0.6838483485578801,
core,307,chartevents::226536::Chloride (whole blood)::valuenum,Chloride (whole blood),chartevents,chart_other,mean,0.029925187032418952,0.001724854577332735,0.1681862386438487,0.624917328042328,0.3926998996887868,2.806999282980455,0.06456413326515476,0.698800640934286,216,1,4.0,0.6885635937523171,0.875,0.023464464549033438,False,0.6719069045319148,
core,350,"labevents::50884::Bilirubin, Indirect::valuenum","Bilirubin, Indirect",labevents,lab_liver_protein,min,0.024314214463840397,0.0011118038091808558,0.2262902891916136,0.5347943498130453,0.3256968906533184,2.328065118573631,0.04308711840508184,0.6046454868690493,256,1,9.0,0.5987336137159008,0.9875,0.04221381416427903,False,0.6714729169694644,
core,100,chartevents::225668::Lactic Acid::valuenum,Lactic Acid,chartevents,chart_other,last,0.3374064837905237,0.025519534945487976,0.1515460808854554,0.5829347257682488,0.25321970062169924,1.810001781627476,0.010291875172550702,0.49674967236590045,37,2,24.0,0.4758936715071347,0.9875,0.08214812722289935,False,0.6542843672931236,
core,96,"labevents::50885::Bilirubin, Total::valuenum","Bilirubin, Total",labevents,lab_liver_protein,max,0.3518703241895262,0.018344763666391373,0.1483472296559921,0.5824096563981043,0.22849635336227256,1.63328052938095,0.016053533168423284,0.4891608685608332,44,2,27.0,0.46948371258892574,1.0,0.1896740784868598,False,0.6539783037398906,
core,223,"labevents::51214::Fibrinogen, Functional::valuenum","Fibrinogen, Functional",labevents,lab_coagulation,mean,0.06820448877805486,0.0040939319878816605,-0.13748568243528267,0.3827153661686036,0.20417063950505693,1.4594015408471985,0.07604630351976138,0.5482159860455076,144,2,16.0,0.5374460809321496,0.9875,0.07469493082171538,False,0.6514062124333933,
core,238,"labevents::50806::Chloride, Whole Blood::valuenum","Chloride, Whole Blood",labevents,lab_electrolyte,min,0.05673316708229426,0.0037302577402442694,0.11369494842099254,0.5904040939704089,0.33364530794701186,2.384880008676502,0.050900210844646576,0.5725855358740833,156,1,15.0,0.5405634524470713,0.925,0.0318269631221483,False,0.6398952140295943,
core,150,chartevents::220224::Arterial O2 pressure::valuenum,Arterial O2 pressure,chartevents,chart_other,slope,0.029800498753117206,0.012105153873562813,0.14147917116503156,0.6024694733005286,0.36975383755351776,2.642981976095555,0.00878799052518242,0.5205222159290971,80,1,20.0,0.5106946410465756,1.0,0.12949914487544448,False,0.6387066071271591,
core,285,labevents::50963::NTproBNP::valuenum,NTproBNP,labevents,lab_other,max,0.03478802992518703,0.0014702826738357544,0.17290269755266624,0.5668814151561476,0.2393798135303472,1.7110749594593446,0.027270142650706042,0.49898259763916886,195,1,22.0,0.4922014879213932,1.0,0.03657796473416965,False,0.6305929371229789,
core,343,labevents::50952::Iron::valuenum,Iron,labevents,lab_other,mean,0.025685785536159602,0.0010962177766487002,0.17761110689648038,0.6116654787360418,0.2522653032523512,1.8031797968661825,0.03739508628364141,0.5774613048628047,250,1,13.0,0.5709509600604711,0.8375,0.016667770106323587,False,0.6141537442060058,
core,195,labevents::50811::Hemoglobin::valuenum,Hemoglobin,labevents,lab_cbc,slope,0.03154613466334165,0.008790523745119572,-0.13845356620320437,0.36652892561983474,0.15170915263708457,1.0844094511135636,0.031200911995724168,0.4757591447162275,116,2,30.0,0.4612523153384992,0.875,0.08460595565848053,False,0.5771995611822777,
core,368,chartevents::220624::HDL::valuenum,HDL,chartevents,chart_other,last,0.02144638403990025,0.0009039900032803416,-0.14805675966635023,0.36036036036036034,0.11604202211381026,0.8294625823108364,0.05112127161027025,0.5189531715611563,264,2,21.0,0.5097320127880559,0.7875,0.02882263998762937,False,0.5725752135282509,
core,308,labevents::50924::Ferritin::valuenum,Ferritin,labevents,lab_other,min,0.02942643391521197,0.0012468828354030848,0.054732144195475764,0.648542999289268,0.23647333010295274,1.6902995609854554,0.08195112999643506,0.48229740265147125,217,1,25.0,0.47440562984647555,0.7625,0.016298716304554938,False,0.5505754125740593,
strong,8,chartevents::223761::Temperature Fahrenheit::valuenum,Temperature Fahrenheit,chartevents,vital_temperature,observed_fraction,1.0,0.16766417026519775,-0.11575660714009192,0.39399017204604503,0.12422686847614836,0.8879674555959981,0.01733740154904373,0.5055131139017432,4,1,35.0,0.4297307199094994,0.9125,0.048206698756257535,False,0.6888447943855768,
strong,2,chartevents::220277::O2 saturation pulseoxymetry::valuenum,O2 saturation pulseoxymetry,chartevents,vital_oxygen_saturation,observed_fraction,1.0,0.6085723042488098,-0.15142168675821602,0.3811324577275492,0.1161479389801274,0.8302196707848679,0.025839324125772833,0.5810740872084549,1,5,14.0,0.5662486834531567,0.5625,0.1361474942706991,False,0.6290937315388805,lower_may_indicate_worse_oxygenation
strong,276,chartevents::225672::Lipase::valuenum,Lipase,chartevents,chart_other,max,0.03940149625935162,0.0018027847399935126,-0.10453992781294469,0.3735795454545454,0.12558269702561625,0.8976588503970075,0.05215483350716155,0.46235911196822377,166,2,31.0,0.45917828833025975,0.9875,0.3055810444231611,False,0.6066398187002733,
strong,1,chartevents::220210::Respiratory Rate::valuenum,Respiratory Rate,chartevents,vital_respiratory_rate,observed_fraction,1.0,0.6187240481376648,-0.15406137051691468,0.3821312876345878,0.11691838641401073,0.8357267905885616,0.024120538959802484,0.578877199133594,1,5,19.0,0.5122847493141686,0.5,0.18221526403576718,False,0.6043083210304008,higher_may_indicate_respiratory_distress
strong,198,labevents::50809::Glucose::valuenum,Glucose,labevents,lab_metabolic,mean,0.09214463840399002,0.006068163085728884,0.058524937624779,0.5437183383991895,0.27303521341883297,1.9516420780918364,0.057121499236552964,0.43605030951743956,119,1,38.0,0.4262346751639191,1.0,0.07258426692569628,False,0.6002446104590717,
strong,83,labevents::50813::Lactate::valuenum,Lactate,labevents,lab_metabolic,last,0.39987531172069823,0.031234413385391235,0.13201486732149162,0.5732124658595248,0.24174082808242253,1.7279513736372807,0.007772456377892034,0.46212381833372823,37,2,37.0,0.4286976623569765,0.8375,0.02419654508266831,False,0.5911649992528334,higher_may_indicate_shock_or_stress
strong,349,"labevents::50907::Cholesterol, Total::valuenum","Cholesterol, Total",labevents,lab_other,max,0.024688279301745636,0.0010390690295025706,-0.11602369084045172,0.41163092917478883,0.1258824628531331,0.8998015615705236,0.0473140720416414,0.43615844675954524,255,1,41.0,0.42006496868459636,0.9875,0.05441033735696692,False,0.586555609269866,
strong,320,labevents::50935::Haptoglobin::valuenum,Haptoglobin,labevents,lab_coagulation,max,0.029052369077306732,0.0012624688679352403,-0.10893392417246996,0.41108374384236446,0.11064361962951796,0.7908750707920982,0.055716792379260305,0.4273743718167033,228,1,43.0,0.41647768560747134,0.95,0.032593215499946385,False,0.570956258130161,
strong,287,chartevents::229356::Differential - Immature Granulocytes::valuenum,Differential - Immature Granulocytes,chartevents,chart_other,max,0.034538653366583544,0.0015118453884497285,0.10075837182870968,0.5933648046157881,0.1940348846438057,1.3869516709833527,0.044161314252135986,0.453668767875313,197,1,33.0,0.4476185530298181,0.85,0.02809485149628017,False,0.5601458935487146,
strong,55,chartevents::225624::BUN::valuenum,BUN,chartevents,chart_other,slope,0.09675810473815462,0.054182253777980804,-0.1066799300579989,0.5591050251530065,0.1398463447615207,0.9996146925021355,0.037938986104554484,0.4374279258575607,21,1,36.0,0.4281831629424043,0.85,0.0380038739182055,False,0.5582697796289331,
strong,152,chartevents::224828::Arterial Base Excess::valuenum,Arterial Base Excess,chartevents,chart_other,last,0.17518703241895262,0.012105153873562813,-0.11341632165010627,0.4244997772981122,0.2156236544316442,1.5412671199124657,0.020662020031687378,0.42221942409403534,81,1,50.0,0.39804560456388327,0.875,0.015995225316510188,False,0.5539963584270952,
strong,229,chartevents::227468::Fibrinogen::valuenum,Fibrinogen,chartevents,chart_other,last,0.061596009975062344,0.0035380299668759108,-0.1402504292300297,0.3867647058823529,0.20564554284967151,1.4699440763407894,0.07555343696374428,0.5480942424911027,144,2,18.0,0.5099672755997866,0.6625,0.04542721386996749,False,0.551058303852364,
strong,139,chartevents::220632::LDH::valuenum,LDH,chartevents,chart_other,last,0.1956359102244389,0.009336034767329693,0.08051811243489775,0.6117155551067806,0.18718274595474532,1.337972925630176,0.03318721184863427,0.42997908976723764,68,2,44.0,0.4113348100120677,0.825,0.0780488908814732,False,0.5498207588128302,
strong,369,chartevents::225309::ART BP Systolic::valuenum,ART BP Systolic,chartevents,vital_blood_pressure,min,0.021321695760598502,0.010821903124451637,0.04680488760902064,0.5358193277310924,0.26095423050626976,1.865287815205244,0.056225538905439576,0.4055562956637649,272,1,49.0,0.3989122908078836,0.875,0.01627512303821277,False,0.5346861550493829,
strong,106,chartevents::225690::Total Bilirubin::valuenum,Total Bilirubin,chartevents,chart_other,max,0.3125935162094763,0.015534081496298313,0.14560246749113806,0.5763356735043539,0.21907486751594563,1.5659362187859929,0.012364897150144216,0.457454432633917,44,2,39.0,0.42500656868443043,0.6,0.0271150681481231,False,0.5076354663573592,
strong,217,labevents::51144::Bands::valuenum,Bands,labevents,lab_other,last,0.06907730673316709,0.003325020894408226,0.11932091739826693,0.6042463777206297,0.25613430898860545,1.8308352567634723,0.008727976554492756,0.42153453488583004,138,1,48.0,0.40002110964581333,0.7375,0.017551140624345863,False,0.5040804567304635,
strong,357,chartevents::220603::Cholesterol::valuenum,Cholesterol,chartevents,chart_other,min,0.022942643391521196,0.0009663341916166246,-0.1051318079670811,0.4267515923566879,0.14396154609704712,1.0290299462551853,0.05350080012802594,0.4290265801255353,262,1,46.0,0.40319125684592205,0.6,0.03627030874558841,False,0.4626151416026192,
strong,360,"labevents::50904::Cholesterol, HDL::valuenum","Cholesterol, HDL",labevents,lab_other,last,0.02256857855361596,0.0009507481008768082,-0.1483890147687402,0.3581475583864119,0.10926833445702167,0.7810446010207788,0.03689698812176001,0.4779538421583791,264,2,32.0,0.45446068081524155,0.5,0.009938572684040992,False,0.462309677169542,
review,61,chartevents::220635::Magnesium::valuenum,Magnesium,chartevents,chart_other,observed_fraction,1.0,0.0523950532078743,-0.0973709156280076,0.41556976911853855,0.12263212606367822,0.8765683164266483,0.008613453786707304,0.4381455503025213,9,19,53.0,0.3850557337100039,0.9625,0.19109131537843496,False,0.6642796865961328,
review,147,chartevents::223830::PH (Arterial)::valuenum,PH (Arterial),chartevents,chart_other,observed_fraction,1.0,0.01256753969937563,0.10080877957186413,0.5662319001245033,0.16833357778779343,1.2032400123512508,0.004821502295001778,0.4062985421780847,78,3,65.0,0.3539977112679063,0.95,0.12696593080763705,False,0.6380723583523501,lower_may_indicate_acidosis
review,87,labevents::50820::pH::valuenum,pH,labevents,lab_blood_gas_respiration,observed_fraction,1.0,0.030823981389403343,0.09016304711698757,0.5762936530209226,0.1680852833618261,1.201465216187028,0.00793214856598845,0.4284812597492602,40,5,58.0,0.3696984775075693,0.8875,0.10601710085502418,False,0.6335040553441328,lower_may_indicate_acidosis
review,56,chartevents::220621::Glucose (serum)::valuenum,Glucose (serum),chartevents,bedside_glucose,observed_fraction,1.0,0.0536523275077343,-0.09649666257385309,0.4176029606866337,0.1225036631256206,0.8756500697571098,0.005293760631790656,0.4253905807098071,9,19,63.0,0.36037312749288963,0.8875,0.13038794874853424,False,0.6272005075462755,
review,57,chartevents::227443::HCO3 (serum)::valuenum,HCO3 (serum),chartevents,chart_other,observed_fraction,1.0,0.05384974926710129,-0.09625918361501284,0.41691991116803084,0.12256938011777375,0.8761198115370281,0.0048710620734058185,0.42441122109931123,9,19,67.0,0.3533991554088391,0.875,0.1609691300734994,False,0.6188556243943094,
review,82,chartevents::225664::Glucose finger stick (range 70-100)::valuenum,Glucose finger stick (range 70-100),chartevents,bedside_glucose,observed_fraction,1.0,0.05810993164777756,-0.06379262874017769,0.43818398626484517,0.12576979631637097,0.8989962267890332,0.005253054035998295,0.3698691112537603,36,1,87.0,0.3317604506676285,1.0,0.08009139222558588,False,0.6184876150965581,
review,52,chartevents::227442::Potassium (serum)::valuenum,Potassium (serum),chartevents,chart_other,observed_fraction,1.0,0.05674875155091286,-0.08664934280580089,0.4199417253392831,0.12384516857845862,0.8852390837782872,0.0060487017493982,0.41427432713220985,9,19,92.0,0.3254265213052163,0.9375,0.31504449509084226,False,0.6076828357740716,
review,109,labevents::52172::RDW-SD::valuenum,RDW-SD,labevents,lab_other,max,0.3053615960099751,0.020417705178260803,0.09576748807687797,0.5598647347570119,0.17317274076326217,1.2378301077730505,0.02682825399369637,0.40219228364314197,49,1,54.0,0.3842466095115636,0.9875,0.037014394512516445,False,0.5904545973821123,
review,62,chartevents::225677::Phosphorous::valuenum,Phosphorous,chartevents,chart_other,observed_fraction,1.0,0.05114297568798065,-0.0949386736839153,0.4191504654788983,0.12303138525658595,0.8794222012101778,0.006707180043345806,0.42675969328599445,9,19,60.0,0.3672279858723907,0.75,0.13991247080266475,False,0.5895870477707446,
review,64,chartevents::220546::WBC::valuenum,WBC,chartevents,chart_other,observed_fraction,1.0,0.046560682356357574,-0.07564542106675647,0.43296114144015496,0.12701194288781092,0.9078750284850656,0.003330804757476491,0.38039721218386413,22,3,102.0,0.30618034949149764,0.9375,0.12262365269998554,False,0.5867670131175249,
review,159,chartevents::225667::Ionized Calcium::valuenum,Ionized Calcium,chartevents,chart_other,observed_fraction,1.0,0.010780340991914272,0.08200603398538654,0.5409283814213632,0.15906236276881955,1.136969830130065,0.002143352690385125,0.3472081325260655,74,2,112.0,0.2908640129192579,1.0,0.35970316659659146,False,0.5848076010481422,
review,72,labevents::51274::PT::valuenum,PT,labevents,lab_coagulation,max,0.6374064837905237,0.0370635911822319,0.06732760200789575,0.5676274426330772,0.16425762339701006,1.1741052938003749,0.012392492858788184,0.37408528257067813,29,2,69.0,0.34894263721369134,0.9375,0.06831929464242421,False,0.5840979535803633,
review,10,chartevents::220181::Non Invasive Blood Pressure mean::valuenum,Non Invasive Blood Pressure mean,chartevents,vital_blood_pressure,observed_fraction,1.0,0.517149806022644,-0.14854033237485523,0.3743649506509159,0.11391673446468681,0.8142711322698648,0.017974391157045355,0.5579625561081278,6,3,23.0,0.49319688585822136,0.4625,0.02564054508693516,False,0.5824828528539437,low_or_high_may_indicate_instability
review,27,labevents::50868::Anion Gap::valuenum,Anion Gap,labevents,lab_metabolic,last,0.8759351620947631,0.06262988597154617,0.06866093234704411,0.5455495728139337,0.15794116365121422,1.1289555547974492,0.002203097654470465,0.3605482624242939,11,1,86.0,0.33354985517391034,0.925,0.02474419731661328,False,0.5818601454743989,
review,141,labevents::50808::Free Calcium::valuenum,Free Calcium,labevents,lab_electrolyte,observed_fraction,1.0,0.01307668350636959,0.07330853025659563,0.5417998784426394,0.15718527814184882,1.1235525229034113,0.0013979969129023218,0.33597561672855025,74,2,120.0,0.2795926577367662,1.0,0.2568625811487436,False,0.5728356957712533,
review,59,chartevents::220545::Hematocrit (serum)::valuenum,Hematocrit (serum),chartevents,chart_other,observed_fraction,1.0,0.05079488828778267,-0.06837955651162815,0.43429157951696457,0.1268461802704456,0.9066901655694954,0.006554735868228523,0.38326290342810704,22,3,97.0,0.31665516038064895,0.8625,0.054345123831626554,False,0.5705030645768192,
review,246,chartevents::229357::Absolute Count - Neuts::valuenum,Absolute Count - Neuts,chartevents,chart_other,min,0.05336658354114713,0.0024106400087475777,0.09968652845537075,0.5972167862578821,0.20429613441119268,1.4602985721726964,0.020402658772401994,0.39302841193664545,131,2,55.0,0.3834388267488282,1.0,0.101835353023489,False,0.5651806658060761,
review,30,labevents::51265::Platelet Count::valuenum,Platelet Count,labevents,lab_cbc,min,0.8629675810473816,0.0559590607881546,-0.034723828780952364,0.46340157557261086,0.12069576776836974,0.862727323977117,0.012336250821525674,0.31788297975217666,14,1,108.0,0.29587675953894577,0.9875,0.047916758921928704,False,0.562857888589531,
review,332,labevents::51455::Polys::valuenum,Polys,labevents,lab_other,max,0.026059850374064837,0.0011169991921633482,-0.09183265882174556,0.400259067357513,0.06940884213848214,0.49613093934993474,0.04918959617963381,0.3872195873554707,240,1,56.0,0.3783008587458196,1.0,0.10677588351536542,False,0.5596320762978111,
review,32,labevents::51250::MCV::valuenum,MCV,labevents,lab_other,slope,0.09638403990024938,0.055304449051618576,0.06053421015525346,0.5634015594541911,0.20183221085876327,1.4426865695965077,0.02288838459677134,0.3749164488374676,16,1,61.0,0.36566711797528834,1.0,0.05883817975409329,False,0.5575972096090072,
review,34,labevents::51277::RDW::valuenum,RDW,labevents,lab_other,min,0.8625935162094763,0.05529925227165222,0.04696771338719837,0.527159982228396,0.14805863833173888,1.05831575705931,0.007985056209706798,0.3288451275217253,17,1,105.0,0.30239794245491963,0.925,0.032101355305439935,False,0.550584932888218,
review,216,chartevents::226537::Glucose (whole blood)::valuenum,Glucose (whole blood),chartevents,bedside_glucose,last_minus_first,0.07007481296758104,0.004041978158056736,0.0954089041135851,0.5671802983145398,0.2931466849133481,2.0953978725535225,0.0008447231066464056,0.36120548694782745,137,1,68.0,0.35205230540182786,1.0,0.09644512424711138,False,0.5433261166284181,
review,24,labevents::51006::Urea Nitrogen::valuenum,Urea Nitrogen,labevents,lab_renal,slope,0.13802992518703242,0.06319617480039597,0.07628891712750838,0.5649024966760231,0.1693183846945844,1.2102793629684199,0.013080838893402946,0.3511852665298177,10,1,78.0,0.34055173095379404,1.0,0.0995029432233423,False,0.5363628735529172,
review,31,labevents::51301::White Blood Cells::valuenum,White Blood Cells,labevents,lab_cbc,max,0.8628428927680798,0.055356401950120926,0.025483885091207217,0.5469732399636942,0.14262628686303194,1.0194855798943996,0.012253338663009261,0.32743488525866676,15,1,101.0,0.30697653387551826,0.8625,0.01800785532250302,False,0.5357378731339779,
review,90,labevents::50802::Base Excess::valuenum,Base Excess,labevents,lab_blood_gas_respiration,observed_fraction,1.0,0.027182044461369514,0.09833882496691276,0.5834726178090837,0.17143728612481773,1.2254251646355065,0.00772898579740211,0.44218939102910926,40,5,42.0,0.41725776453419916,0.4875,0.05589264312293381,False,0.5348207958033564,
review,157,chartevents::220051::Arterial Blood Pressure diastolic::valuenum,Arterial Blood Pressure diastolic,chartevents,vital_blood_pressure,max,0.1669576059850374,0.09489817172288895,-0.05108997267371134,0.44687202087924105,0.16368745397193357,1.1700297512075823,0.032703909963925915,0.36867481889632636,85,1,64.0,0.3567718019789905,0.8875,0.02655750721887671,False,0.5258062707835307,low_or_high_may_indicate_instability
review,342,"labevents::50883::Bilirubin, Direct::valuenum","Bilirubin, Direct",labevents,lab_liver_protein,mean,0.025685785536159602,0.0012053200043737888,0.06251406570867533,0.5869318181818182,0.18405187828740288,1.3155936398083523,0.03110573706336872,0.3544119497467573,249,2,80.0,0.33686570343215416,1.0,0.13192195715382696,False,0.5239459269185033,
review,65,chartevents::225625::Calcium non-ionized::valuenum,Calcium non-ionized,chartevents,chart_other,observed_fraction,1.0,0.05104945972561836,-0.09218301324041377,0.4209523776299312,0.1234952314560824,0.8827377506932094,0.006279944651284675,0.42086817762486034,9,19,75.0,0.3425244618978314,0.575,0.12925642667687498,False,0.5191905608143398,
review,262,chartevents::223762::Temperature Celsius::valuenum,Temperature Celsius,chartevents,vital_temperature,mean,0.04812967581047382,0.02797173708677292,-0.0642459872221716,0.384047619047619,0.08314641919107803,0.5943264544674205,0.031017283537183138,0.3484331486079407,175,1,73.0,0.34526456973808245,0.95,0.08247889266349376,False,0.51692355732472,
review,125,labevents::51256::Neutrophils::valuenum,Neutrophils,labevents,lab_blood_gas_respiration,max,0.23665835411471323,0.01108686625957489,0.048134618454767984,0.5526887583892617,0.18802220851058524,1.3439733620810104,0.02532071624609933,0.32503191036263107,63,2,99.0,0.3134934398391559,1.0,0.08622409831732511,False,0.5157990644342392,
review,71,labevents::51237::INR(PT)::valuenum,INR(PT),labevents,lab_coagulation,last,0.6374064837905237,0.0370635911822319,0.07459759788864277,0.5634955216654564,0.16423193107846829,1.1739216463897644,0.009634667697259403,0.37157846121204474,29,2,77.0,0.34152688482504046,0.725,0.03550140483494033,False,0.5109937566351389,
review,263,labevents::52135::Immature Granulocytes::valuenum,Immature Granulocytes,labevents,lab_other,last,0.04800498753117207,0.002176849637180567,0.10325684439012703,0.6065777315777316,0.18879039271590706,1.3494643044399062,0.01689255320069938,0.38444360744556555,176,1,59.0,0.3682010402492998,0.8375,0.02958920848905109,False,0.5090179895889374,
review,330,labevents::51446::Lymphocytes::valuenum,Lymphocytes,labevents,lab_blood_gas_respiration,last,0.026059850374064837,0.0011169991921633482,-0.07695692595275747,0.43507124352331605,0.07673919672187515,0.5485279480476282,0.04583579009215866,0.33508017946564217,238,1,91.0,0.3276414220468853,1.0,0.11988614164292813,False,0.506355845328712,
review,23,labevents::50912::Creatinine::valuenum,Creatinine,labevents,lab_renal,observed_fraction,1.0,0.06339360028505325,-0.06184176562934323,0.4518626779107226,0.1287495603322862,0.9202954312521706,0.0015917904449489484,0.34727872198062865,9,19,127.0,0.2624324324766809,0.7875,0.12601829568302492,False,0.5049497456264467,
review,26,labevents::50882::Bicarbonate::valuenum,Bicarbonate,labevents,lab_blood_gas_respiration,observed_fraction,1.0,0.06268183887004852,-0.06250628071801785,0.44938908640237246,0.12839179387851468,0.917738134497048,0.00028346060219663904,0.3459501414569683,9,19,131.0,0.2555853487313018,0.8,0.090372227304033,False,0.5040000962005313,
review,39,"labevents::50893::Calcium, Total::valuenum","Calcium, Total",labevents,lab_electrolyte,observed_fraction,1.0,0.05838528648018837,-0.06063888117717599,0.45238176453532997,0.1290138280181713,0.9221844034810462,0.004872434481710597,0.355359193578425,9,19,124.0,0.2722798316409384,0.7625,0.07228478260658448,False,0.5030996935573985,
review,92,labevents::50821::pO2::valuenum,pO2,labevents,lab_blood_gas_respiration,observed_fraction,1.0,0.027171654626727104,0.09778251997593136,0.5827586233628905,0.17116986266661166,1.2235136351035878,0.0076476758937231715,0.4405092005600889,40,5,51.0,0.39674254384414115,0.4125,0.03697695900773397,False,0.5021393193078116,lower_may_indicate_worse_oxygenation
review,25,labevents::50931::Glucose::valuenum,Glucose,labevents,lab_metabolic,observed_fraction,1.0,0.062297381460666656,-0.062411179546005585,0.4507994386241278,0.12848247926074338,0.9183863490830321,0.0012464803377687517,0.3476460603034303,9,19,128.0,0.25920895036208136,0.775,0.09882283735787496,False,0.5002346783060829,
review,275,labevents::50815::O2 Flow::valuenum,O2 Flow,labevents,lab_other,max,0.03965087281795511,0.0019482544157654047,0.0920023798061003,0.5538602126716882,0.28391852662966827,2.029435457727219,0.006488371443476693,0.35258922240023516,188,1,74.0,0.3448106727522519,0.8875,0.01298526861864957,False,0.49749723034595206,
review,21,labevents::50971::Potassium::valuenum,Potassium,labevents,lab_electrolyte,observed_fraction,1.0,0.06592892855405807,-0.055086086844918586,0.45270316540121935,0.1297366417122656,0.9273510396901694,0.0009037518062073868,0.336685584961309,9,19,139.0,0.24503265499562943,0.8125,0.15426439805160044,False,0.49636857871419915,
review,60,chartevents::220228::Hemoglobin::valuenum,Hemoglobin,chartevents,chart_other,observed_fraction,1.0,0.05295095592737198,-0.06423229232515294,0.43670961228266836,0.1271432442015456,0.9088135637222778,0.004120208500492328,0.3690177647253066,23,1,107.0,0.2982587495992616,0.6625,0.03075693763094023,False,0.495476834793936,
review,156,chartevents::220050::Arterial Blood Pressure systolic::valuenum,Arterial Blood Pressure systolic,chartevents,vital_blood_pressure,std,0.1669576059850374,0.094903364777565,-0.08092376876566133,0.43492623501648775,0.16668035522006608,1.191422859950918,0.008471084123527595,0.3446079742422162,84,1,93.0,0.3249851284278503,0.9,0.020255960503345705,False,0.49115342168837295,low_or_high_may_indicate_instability
review,153,chartevents::225698::TCO2 (calc) Arterial::valuenum,TCO2 (calc) Arterial,chartevents,chart_other,observed_fraction,1.0,0.012099958024919033,0.10164405102565409,0.5663039326803759,0.1684546360454024,1.2041053307345162,0.004419862363058247,0.40579986593500517,78,3,70.0,0.34797736065107115,0.475,0.023121616078424268,False,0.49004641139340477,
